ATE,Error_ATE,Error_PEHE,Problem
4.030549,0.234925,0.606431,IHDP 0
3.959626,0.012342,0.385774,IHDP 1
3.997861,0.222599,0.908156,IHDP 2
4.44431,0.367596,0.650992,IHDP 3
4.262547,0.035709,0.591538,IHDP 4
3.937132,0.274568,0.816887,IHDP 5
3.9585,0.123804,0.565799,IHDP 6
3.711442,0.335922,1.483892,IHDP 7
12.825093,0.507863,11.513925,IHDP 8
2.778521,0.040237,1.135084,IHDP 9
3.893408,0.12658,0.713918,IHDP 10
4.893555,0.416288,0.796608,IHDP 11
14.549109,1.454256,11.831261,IHDP 12
3.819642,0.463174,0.963577,IHDP 13
3.920643,0.244343,0.799777,IHDP 14
4.53679,0.224037,1.189843,IHDP 15
3.857548,0.299348,0.875688,IHDP 16
3.497777,0.617345,1.148784,IHDP 17
3.650291,0.185509,1.149685,IHDP 18
4.158551,0.168306,0.424163,IHDP 19
2.62605,0.233631,1.452229,IHDP 20
4.047627,0.078508,0.660517,IHDP 21
3.800921,0.06085,1.337808,IHDP 22
4.057528,0.046245,1.667135,IHDP 23
4.639481,0.205388,0.476828,IHDP 24
7.13922,0.045045,4.02412,IHDP 25
3.780237,0.090176,0.529298,IHDP 26
9.635893,1.048208,29.582016,IHDP 27
4.061815,0.088447,0.820517,IHDP 28
4.410239,0.061444,0.834694,IHDP 29
4.722614,0.018972,0.291211,IHDP 30
3.924763,0.165466,0.501083,IHDP 31
4.189694,0.388827,0.698019,IHDP 32
-0.840019,0.670699,70.958904,IHDP 33
4.606642,0.008596,0.726643,IHDP 34
4.495566,0.060077,0.748703,IHDP 35
0.904956,0.014517,1.58444,IHDP 36
4.41231,0.088362,0.601643,IHDP 37
7.337631,0.031766,0.932669,IHDP 38
3.510525,0.274454,2.548393,IHDP 39
4.349574,0.078987,0.382929,IHDP 40
3.865287,0.097479,0.486525,IHDP 41
4.413547,0.228032,0.520409,IHDP 42
3.971858,0.48778,0.751272,IHDP 43
2.860818,0.184734,0.635461,IHDP 44
4.454119,0.098138,0.323415,IHDP 45
5.273077,0.258242,0.820099,IHDP 46
3.817628,0.327015,0.921224,IHDP 47
4.375226,0.090412,0.632566,IHDP 48
3.960109,0.181638,0.510598,IHDP 49
4.468,0.067201,0.371408,IHDP 50
4.443984,0.218763,0.414886,IHDP 51
5.184143,0.020066,2.406957,IHDP 52
2.93429,0.368574,2.667702,IHDP 53
3.712252,0.21337,0.72062,IHDP 54
4.0445,0.541541,0.87256,IHDP 55
4.082733,0.093902,0.361441,IHDP 56
4.513344,0.345419,0.731431,IHDP 57
4.181243,0.100984,0.455525,IHDP 58
1.981204,0.189113,9.333477,IHDP 59
4.071497,0.368762,1.269723,IHDP 60
4.201033,0.070701,0.405184,IHDP 61
4.368132,0.161888,0.725876,IHDP 62
2.854048,0.046072,0.51352,IHDP 63
3.049914,0.059779,1.228487,IHDP 64
4.067646,0.067081,0.406023,IHDP 65
4.024227,0.233389,1.208862,IHDP 66
12.93584,0.096549,6.318639,IHDP 67
3.906576,0.083347,0.510573,IHDP 68
3.996942,0.111249,0.743764,IHDP 69
5.285123,0.030333,1.44934,IHDP 70
3.993969,0.390445,1.111359,IHDP 71
3.879233,0.059166,0.436013,IHDP 72
4.134216,0.168667,0.415925,IHDP 73
4.015646,0.51412,1.62713,IHDP 74
4.527299,0.105705,0.59619,IHDP 75
4.29294,0.39077,0.819798,IHDP 76
3.995405,0.096027,0.426423,IHDP 77
4.242205,0.046972,0.419415,IHDP 78
3.996348,0.058916,0.664775,IHDP 79
12.053617,1.870048,11.762048,IHDP 80
1.770824,0.048678,2.558725,IHDP 81
3.702904,0.33989,0.820867,IHDP 82
2.611181,0.972136,18.481068,IHDP 83
-2.500215,0.11407,19.709184,IHDP 84
3.711785,0.145908,3.32143,IHDP 85
4.898359,0.549307,1.538783,IHDP 86
3.987934,0.15218,0.512863,IHDP 87
3.532426,0.060217,0.623624,IHDP 88
3.678999,0.221701,0.965917,IHDP 89
3.927142,0.016846,0.676258,IHDP 90
3.147813,0.105058,1.124554,IHDP 91
6.444968,0.028618,3.172043,IHDP 92
4.269753,0.146903,0.573713,IHDP 93
4.248175,0.13823,0.407149,IHDP 94
4.26584,0.344625,0.749362,IHDP 95
4.074618,0.166668,0.678958,IHDP 96
7.039075,0.039549,1.519375,IHDP 97
4.446197,0.130613,0.637132,IHDP 98
4.106267,0.085927,0.626128,IHDP 99
5.362338,0.20014,0.523612,IHDP 100
4.175842,0.040355,0.903119,IHDP 101
4.002052,0.112764,0.210622,IHDP 102
3.930538,0.040961,0.54878,IHDP 103
4.423827,0.321759,0.877502,IHDP 104
3.662224,0.127581,0.346312,IHDP 105
3.668306,0.073777,0.57233,IHDP 106
12.157211,0.701363,5.10292,IHDP 107
5.07442,0.20703,1.052449,IHDP 108
5.592436,0.092057,0.959331,IHDP 109
5.168506,0.330173,1.292385,IHDP 110
5.691995,0.098613,2.027505,IHDP 111
5.734751,0.085158,1.251802,IHDP 112
4.176036,0.20186,0.680038,IHDP 113
3.350344,0.115569,2.038623,IHDP 114
4.299654,0.295307,0.661354,IHDP 115
3.106468,0.205531,0.557044,IHDP 116
3.675286,0.089697,0.612832,IHDP 117
4.998965,0.114216,2.408739,IHDP 118
4.837312,0.181135,1.073634,IHDP 119
4.241976,0.082331,0.722558,IHDP 120
3.88325,0.087997,0.495104,IHDP 121
5.805628,0.149564,0.761991,IHDP 122
5.886675,0.001849,0.777337,IHDP 123
4.201421,0.201128,0.805925,IHDP 124
7.702169,0.066702,1.337128,IHDP 125
5.899665,0.144054,0.751478,IHDP 126
4.472835,0.216924,0.496636,IHDP 127
3.982415,0.255077,1.143723,IHDP 128
3.048122,0.325779,5.106287,IHDP 129
4.012044,0.093685,0.414057,IHDP 130
3.890646,0.054889,0.504819,IHDP 131
10.197094,0.873951,10.834675,IHDP 132
3.173098,0.583294,1.200761,IHDP 133
4.116704,0.22939,0.729357,IHDP 134
5.061204,0.150459,0.623933,IHDP 135
2.509995,0.346112,3.422101,IHDP 136
3.963201,0.121014,0.634831,IHDP 137
3.979755,0.283033,0.908855,IHDP 138
4.369091,0.044939,0.346801,IHDP 139
3.80736,0.335928,0.929675,IHDP 140
3.941132,0.329629,1.192875,IHDP 141
8.092303,0.04723,5.218976,IHDP 142
4.036041,0.120357,0.707718,IHDP 143
3.871694,0.012491,0.67843,IHDP 144
3.696711,0.184333,1.580531,IHDP 145
8.825768,0.344215,2.434893,IHDP 146
4.224584,0.092505,0.859548,IHDP 147
7.518511,0.476029,15.348177,IHDP 148
4.127271,0.08971,0.474996,IHDP 149
5.406163,0.145365,0.470253,IHDP 150
4.80784,0.121714,0.937096,IHDP 151
5.199054,0.384409,1.59592,IHDP 152
3.683946,0.19702,0.785357,IHDP 153
4.346638,0.107359,0.862092,IHDP 154
4.157805,0.112514,0.533027,IHDP 155
7.098465,0.418083,2.304537,IHDP 156
4.32887,0.031883,0.779706,IHDP 157
3.992396,0.224623,0.571711,IHDP 158
4.554703,0.50812,1.071823,IHDP 159
3.742069,0.005674,0.474573,IHDP 160
3.973986,0.133079,0.561912,IHDP 161
2.773671,0.127028,0.674771,IHDP 162
3.988841,0.018735,0.349826,IHDP 163
5.038401,0.001324,1.737142,IHDP 164
4.233397,0.051189,2.492142,IHDP 165
4.049391,0.204233,1.065737,IHDP 166
4.547101,0.159436,0.515471,IHDP 167
4.454127,0.018575,0.47945,IHDP 168
4.803743,0.06667,0.703136,IHDP 169
3.730067,0.424748,1.327027,IHDP 170
4.036561,0.068344,0.672359,IHDP 171
4.394657,0.177429,0.66142,IHDP 172
3.850795,0.15936,0.537864,IHDP 173
4.033526,0.052531,0.376152,IHDP 174
4.591759,0.129073,0.68954,IHDP 175
3.790252,0.186232,1.079471,IHDP 176
3.955224,0.336266,0.655648,IHDP 177
4.560515,0.043248,0.480731,IHDP 178
6.662647,0.45367,4.539646,IHDP 179
4.148577,0.565776,3.055884,IHDP 180
3.914757,0.216755,0.384052,IHDP 181
4.473739,0.037165,0.280917,IHDP 182
5.723733,0.361072,2.119143,IHDP 183
3.971785,0.332767,0.546052,IHDP 184
4.00889,0.07537,0.623527,IHDP 185
4.274753,0.000414,0.674937,IHDP 186
3.755724,0.12821,0.762629,IHDP 187
5.106002,0.237052,0.890647,IHDP 188
3.851978,0.088069,0.64537,IHDP 189
3.755146,0.091863,0.524496,IHDP 190
4.15721,0.09512,0.862912,IHDP 191
4.008079,0.064826,0.645207,IHDP 192
3.961347,0.251765,0.796066,IHDP 193
4.239872,0.712503,1.5609,IHDP 194
3.843686,0.057645,0.302206,IHDP 195
4.251502,0.115467,0.957472,IHDP 196
4.167695,0.430988,0.693123,IHDP 197
5.985832,0.187611,1.940646,IHDP 198
4.328186,0.54795,0.842518,IHDP 199
4.143633,0.202692,0.780654,IHDP 200
4.205082,0.082265,0.213638,IHDP 201
4.149438,0.117973,0.574689,IHDP 202
3.906648,0.015493,0.638886,IHDP 203
4.687694,0.024346,0.57377,IHDP 204
3.763087,0.053092,0.640862,IHDP 205
4.223829,0.202351,0.742213,IHDP 206
4.214217,0.165647,1.069477,IHDP 207
2.105817,0.085126,8.992978,IHDP 208
10.668377,0.470614,5.4001,IHDP 209
6.416279,0.096667,1.123434,IHDP 210
3.957768,0.260854,0.596338,IHDP 211
3.98752,0.16238,0.584544,IHDP 212
4.183823,0.398161,1.125822,IHDP 213
3.650387,0.070699,0.436942,IHDP 214
4.160511,0.297263,0.511439,IHDP 215
3.994832,0.237437,0.600144,IHDP 216
3.501728,0.049384,3.978095,IHDP 217
11.583535,3.592968,102.110293,IHDP 218
6.363932,0.010422,3.239799,IHDP 219
4.109952,0.136473,0.444192,IHDP 220
4.12308,0.391556,1.170437,IHDP 221
3.915724,0.584989,0.776156,IHDP 222
4.060095,0.041205,0.941033,IHDP 223
3.815259,0.09428,0.558149,IHDP 224
5.766492,0.0402,0.876965,IHDP 225
3.880104,0.111674,0.660296,IHDP 226
3.25426,0.187559,0.371625,IHDP 227
3.155799,0.341415,2.222941,IHDP 228
4.169478,0.347177,1.006498,IHDP 229
8.064425,0.441621,1.780987,IHDP 230
3.670616,0.087902,0.872651,IHDP 231
4.87568,0.236456,0.712496,IHDP 232
4.051584,0.095203,0.57544,IHDP 233
5.614417,0.285404,2.189403,IHDP 234
4.009805,0.132928,0.609473,IHDP 235
3.805175,0.256247,0.92614,IHDP 236
3.966719,0.037047,0.530203,IHDP 237
3.729702,0.271921,0.817896,IHDP 238
4.93983,0.195064,0.859133,IHDP 239
4.141064,0.017907,0.543074,IHDP 240
4.000115,0.012199,0.63071,IHDP 241
4.339979,0.32353,1.932177,IHDP 242
1.595204,0.062522,1.296049,IHDP 243
9.005046,0.610607,12.614218,IHDP 244
2.949293,0.09127,0.329889,IHDP 245
4.112898,0.096582,0.316662,IHDP 246
4.685198,0.183883,0.542039,IHDP 247
6.964003,0.321954,1.07328,IHDP 248
3.958428,0.097166,0.418027,IHDP 249
3.858818,0.087356,0.636467,IHDP 250
3.953482,0.045399,0.544819,IHDP 251
3.772544,0.171077,0.611806,IHDP 252
2.58521,0.00782,6.60733,IHDP 253
6.03471,0.88304,26.968852,IHDP 254
3.701896,0.173235,0.663325,IHDP 255
8.015934,0.044576,1.378366,IHDP 256
4.118776,0.041878,0.395736,IHDP 257
4.358756,0.083736,0.618454,IHDP 258
3.971818,0.104733,0.59214,IHDP 259
2.646865,0.183906,0.506716,IHDP 260
4.123776,0.107421,1.334019,IHDP 261
3.628331,0.514742,0.743851,IHDP 262
3.207476,0.032862,1.344658,IHDP 263
3.406809,0.016558,0.285721,IHDP 264
3.746296,0.285856,0.825057,IHDP 265
2.771384,0.192631,2.386101,IHDP 266
4.143977,0.393862,0.409652,IHDP 267
5.286954,0.115374,0.688192,IHDP 268
4.032261,0.188178,0.424402,IHDP 269
3.267657,0.081584,0.446269,IHDP 270
4.154091,0.292646,0.554823,IHDP 271
4.263595,0.075794,0.763296,IHDP 272
3.743914,0.361966,0.483537,IHDP 273
4.385673,0.29959,0.617136,IHDP 274
5.655607,0.071688,3.038743,IHDP 275
5.486463,0.057601,0.783566,IHDP 276
3.999168,0.012717,0.653854,IHDP 277
4.213574,0.219833,0.62625,IHDP 278
5.12422,0.465338,1.554498,IHDP 279
2.055246,0.570816,5.861233,IHDP 280
-0.076376,0.210668,3.330683,IHDP 281
7.892907,0.298322,1.47468,IHDP 282
3.896592,0.173236,0.899012,IHDP 283
4.068114,0.05968,0.379951,IHDP 284
4.088055,0.260556,1.245071,IHDP 285
4.188938,0.182191,0.545642,IHDP 286
4.784931,0.344801,0.961185,IHDP 287
3.654808,0.223597,0.722571,IHDP 288
4.163401,0.197539,0.618248,IHDP 289
4.03103,0.1795,0.658019,IHDP 290
3.465725,0.051402,2.262197,IHDP 291
5.27655,0.283778,1.620132,IHDP 292
4.124088,0.071331,0.700879,IHDP 293
3.928984,0.435457,0.736256,IHDP 294
3.024828,0.504782,2.253808,IHDP 295
3.880179,0.03241,0.106844,IHDP 296
4.108379,0.227615,0.88976,IHDP 297
3.953225,0.075168,0.635086,IHDP 298
4.138098,0.265057,0.608885,IHDP 299
4.068999,0.169298,0.547689,IHDP 300
4.526017,0.190051,0.697784,IHDP 301
6.179739,0.464791,1.244099,IHDP 302
4.105771,0.170582,0.478104,IHDP 303
4.046146,0.293887,0.869322,IHDP 304
3.948332,0.074593,0.39935,IHDP 305
5.434893,0.1022,0.796897,IHDP 306
4.760296,0.001289,1.901759,IHDP 307
3.644242,0.262129,0.492147,IHDP 308
2.61934,0.794539,4.285797,IHDP 309
2.4003,0.097141,2.470288,IHDP 310
4.722806,0.62921,14.089901,IHDP 311
4.298212,0.297955,0.414384,IHDP 312
1.895762,0.833441,1.855238,IHDP 313
3.304741,0.070053,1.58351,IHDP 314
4.202883,0.281424,1.577206,IHDP 315
4.41925,0.121282,0.824467,IHDP 316
4.092218,0.04836,0.509142,IHDP 317
7.304587,0.16053,1.050539,IHDP 318
9.677135,0.313528,4.313448,IHDP 319
4.113815,0.005168,2.025922,IHDP 320
4.44406,0.080907,0.718018,IHDP 321
5.909824,0.148521,3.465073,IHDP 322
4.506959,0.412738,0.546038,IHDP 323
4.390962,0.000172,0.356325,IHDP 324
5.836417,0.17989,0.503784,IHDP 325
2.094788,0.298552,1.395654,IHDP 326
4.558136,0.057305,0.98953,IHDP 327
12.202974,1.047688,32.737646,IHDP 328
0.575102,0.194245,3.477815,IHDP 329
3.260379,0.206347,0.969674,IHDP 330
3.067394,0.011967,0.480746,IHDP 331
4.323191,0.268097,2.385706,IHDP 332
3.926307,0.31069,0.522328,IHDP 333
4.268453,0.104153,0.624915,IHDP 334
4.107216,0.083158,0.559722,IHDP 335
5.1993,0.230162,1.582238,IHDP 336
3.611071,0.51226,10.966326,IHDP 337
4.086021,0.291439,0.750143,IHDP 338
3.991024,0.002186,0.730977,IHDP 339
9.094573,1.611596,24.312577,IHDP 340
4.309699,0.084855,0.382717,IHDP 341
4.062607,0.339183,0.956363,IHDP 342
6.962676,0.226854,4.75812,IHDP 343
1.265449,1.988314,60.570349,IHDP 344
3.935433,1.979595,35.273478,IHDP 345
4.544109,0.150247,1.314255,IHDP 346
4.650149,0.075276,2.856231,IHDP 347
4.158998,0.48878,1.007806,IHDP 348
5.327891,0.250374,1.185473,IHDP 349
6.352405,0.430943,6.482753,IHDP 350
5.911359,0.407787,1.165487,IHDP 351
3.980409,0.051292,0.570669,IHDP 352
4.600258,0.208382,1.797298,IHDP 353
4.026606,0.003951,0.764277,IHDP 354
4.319107,0.024556,0.517703,IHDP 355
1.01733,0.126041,3.552565,IHDP 356
3.928458,0.035841,0.99732,IHDP 357
4.398043,0.202924,0.481648,IHDP 358
3.971575,0.161664,0.71746,IHDP 359
1.33982,0.846309,4.652142,IHDP 360
2.37995,0.236179,12.974468,IHDP 361
3.645929,0.088907,0.953225,IHDP 362
4.011113,0.200373,0.601962,IHDP 363
3.660033,0.046554,0.711299,IHDP 364
5.161995,0.260922,0.68638,IHDP 365
5.10076,0.071754,0.457418,IHDP 366
3.923495,0.044741,0.689791,IHDP 367
3.727482,0.054072,0.592164,IHDP 368
4.542613,0.417857,3.336346,IHDP 369
3.678288,0.05573,0.916938,IHDP 370
3.983172,0.028298,0.644363,IHDP 371
4.270391,0.451606,1.333497,IHDP 372
4.534935,0.512793,8.166339,IHDP 373
4.086116,0.226816,0.478269,IHDP 374
3.957812,0.070045,0.606369,IHDP 375
3.969784,0.088722,0.703706,IHDP 376
4.009639,0.017164,0.490778,IHDP 377
4.12089,0.706113,1.2061,IHDP 378
3.544981,0.01304,0.591374,IHDP 379
3.972572,0.082049,0.814896,IHDP 380
4.108098,0.14939,1.680374,IHDP 381
2.770809,0.693218,6.719337,IHDP 382
3.806732,0.001324,0.298501,IHDP 383
2.613289,0.357817,1.956606,IHDP 384
4.55917,0.017155,7.729492,IHDP 385
5.81783,0.253887,7.721022,IHDP 386
3.303696,0.05919,0.4619,IHDP 387
3.533431,0.155367,0.635579,IHDP 388
3.765228,0.066247,0.699499,IHDP 389
3.049347,0.048189,1.073577,IHDP 390
3.910273,0.438138,0.609034,IHDP 391
5.093272,0.071858,0.873039,IHDP 392
5.08876,0.08391,0.949551,IHDP 393
4.216065,0.098377,0.365305,IHDP 394
4.010602,0.616551,1.721088,IHDP 395
3.965822,0.075278,0.691823,IHDP 396
3.771529,0.07646,0.53571,IHDP 397
4.02836,0.419905,1.106184,IHDP 398
5.962017,0.230034,0.885323,IHDP 399
5.8386,0.120378,0.974556,IHDP 400
6.618298,0.763031,4.745185,IHDP 401
4.203918,0.217788,0.63594,IHDP 402
4.240114,0.01516,0.604217,IHDP 403
4.267716,0.112346,0.625824,IHDP 404
4.0697,0.253094,0.581939,IHDP 405
3.837232,0.007944,0.311191,IHDP 406
4.227002,0.08662,1.062786,IHDP 407
5.241982,0.038975,0.43218,IHDP 408
4.594335,0.259584,1.021134,IHDP 409
8.167517,0.185489,0.924329,IHDP 410
4.137189,0.025489,0.63086,IHDP 411
4.297494,0.017516,1.092028,IHDP 412
3.992074,0.378663,1.061202,IHDP 413
4.887621,0.115511,0.687306,IHDP 414
2.523297,0.284265,52.308733,IHDP 415
4.268561,0.19417,0.450863,IHDP 416
4.116272,0.107287,0.942727,IHDP 417
1.836465,0.262552,1.756781,IHDP 418
3.346265,0.110513,0.913977,IHDP 419
4.119501,0.033236,0.259432,IHDP 420
4.264316,0.142123,0.830685,IHDP 421
4.094396,0.112711,0.854475,IHDP 422
4.092035,0.120422,0.429911,IHDP 423
4.019574,0.145298,0.377024,IHDP 424
3.959721,0.088412,0.495912,IHDP 425
5.062052,0.348346,0.821257,IHDP 426
3.293387,0.146429,1.666681,IHDP 427
4.306567,0.198683,0.416132,IHDP 428
3.981822,0.095894,0.61102,IHDP 429
5.199454,0.014763,0.54152,IHDP 430
4.576907,0.125438,1.007816,IHDP 431
4.014548,0.402622,1.133426,IHDP 432
5.590636,0.264496,0.873253,IHDP 433
9.7451,1.173446,25.214824,IHDP 434
3.91084,0.053579,0.361105,IHDP 435
4.291502,0.468747,1.417594,IHDP 436
10.22435,0.245926,1.597364,IHDP 437
4.922349,0.12431,1.352206,IHDP 438
3.48837,0.442539,2.002027,IHDP 439
3.209458,0.448604,6.729164,IHDP 440
3.718254,0.49881,0.776803,IHDP 441
4.354939,0.122291,0.621802,IHDP 442
4.253209,0.080898,0.643672,IHDP 443
3.729984,0.177963,0.495781,IHDP 444
5.618664,0.358101,0.875161,IHDP 445
5.099168,0.003455,1.287803,IHDP 446
4.153354,0.01611,0.351969,IHDP 447
3.316493,0.01268,1.367819,IHDP 448
4.081418,0.055677,1.329666,IHDP 449
4.242427,0.068802,0.584254,IHDP 450
4.637361,0.070387,0.673682,IHDP 451
4.532308,0.167369,1.373551,IHDP 452
4.088621,0.305336,0.458338,IHDP 453
4.002836,0.270972,0.845602,IHDP 454
3.683024,0.231566,1.0213,IHDP 455
3.984479,0.097806,0.338543,IHDP 456
4.634253,0.225816,0.91601,IHDP 457
3.985477,0.013625,1.237539,IHDP 458
4.064663,0.29601,0.814281,IHDP 459
4.112875,0.112973,0.450206,IHDP 460
4.129724,0.146343,0.776388,IHDP 461
3.671723,0.117707,0.721118,IHDP 462
3.57222,0.24379,0.423938,IHDP 463
3.706723,0.152009,0.505475,IHDP 464
3.728413,0.306299,0.914932,IHDP 465
4.871721,0.233174,0.680929,IHDP 466
3.950303,0.030131,0.974573,IHDP 467
9.055004,0.478123,7.671906,IHDP 468
4.498951,0.212336,0.989101,IHDP 469
3.554221,0.026192,0.507258,IHDP 470
4.476153,0.144083,1.054104,IHDP 471
3.625736,0.029009,0.575555,IHDP 472
9.015109,0.43357,12.871836,IHDP 473
4.433179,0.501468,39.037985,IHDP 474
17.431873,0.024397,4.009813,IHDP 475
4.286275,0.235854,0.668141,IHDP 476
4.25405,0.039925,0.351672,IHDP 477
4.059448,0.437445,1.455027,IHDP 478
4.868665,0.313657,1.045444,IHDP 479
1.557666,0.061395,8.877092,IHDP 480
4.345347,0.086404,0.573899,IHDP 481
7.444905,0.037532,1.245645,IHDP 482
4.275838,0.15903,2.523883,IHDP 483
4.106984,0.11402,0.641713,IHDP 484
4.576177,0.264394,0.605426,IHDP 485
3.96863,0.134423,1.330955,IHDP 486
3.823243,0.14768,0.752494,IHDP 487
4.009515,0.375233,1.055179,IHDP 488
5.820833,0.230639,0.728418,IHDP 489
4.00717,0.033694,0.637035,IHDP 490
3.760926,0.091111,0.736255,IHDP 491
5.19779,0.071412,0.880295,IHDP 492
5.047524,0.180484,0.585697,IHDP 493
3.9655,0.018683,0.578351,IHDP 494
4.006717,0.074967,0.445086,IHDP 495
3.64414,0.401121,0.652341,IHDP 496
3.703682,0.058682,0.195328,IHDP 497
1.516552,0.231044,0.981287,IHDP 498
6.741927,0.066868,1.149325,IHDP 499
4.032432,0.294571,0.570016,IHDP 500
3.99078,0.263973,0.634502,IHDP 501
4.05696,0.107971,0.74617,IHDP 502
4.279174,0.273479,0.538358,IHDP 503
3.956059,0.165741,1.45263,IHDP 504
4.302037,0.022555,0.714705,IHDP 505
7.098744,0.116505,2.099067,IHDP 506
3.594859,0.169944,0.888865,IHDP 507
6.455965,0.036321,1.060466,IHDP 508
3.647914,0.346676,0.998155,IHDP 509
4.117298,0.17212,0.672941,IHDP 510
1.163295,1.00603,12.994634,IHDP 511
3.381114,0.042361,1.238334,IHDP 512
3.132084,0.450535,2.394476,IHDP 513
8.017232,0.10288,16.079773,IHDP 514
4.023613,0.051655,0.578623,IHDP 515
10.889104,0.313892,6.820661,IHDP 516
4.386577,0.090447,0.672515,IHDP 517
5.152243,0.17407,0.873486,IHDP 518
3.998957,0.346791,0.346979,IHDP 519
4.202021,0.09684,0.32242,IHDP 520
4.546992,0.229527,0.718384,IHDP 521
7.205437,0.426101,3.142029,IHDP 522
4.100003,0.391375,0.991886,IHDP 523
5.564155,0.221201,1.76038,IHDP 524
3.961187,0.445737,0.549268,IHDP 525
3.922372,0.026474,0.575423,IHDP 526
3.666779,0.037028,0.380214,IHDP 527
4.080978,0.376589,0.739902,IHDP 528
4.239037,0.331399,1.221472,IHDP 529
4.276451,0.022988,1.11145,IHDP 530
4.194583,0.255367,0.854579,IHDP 531
4.145627,0.221287,0.869317,IHDP 532
4.018788,0.055144,0.636171,IHDP 533
4.016957,0.290938,0.74794,IHDP 534
4.53559,0.302006,0.891235,IHDP 535
4.795425,0.076558,1.938172,IHDP 536
3.998326,0.137467,0.570445,IHDP 537
6.836235,0.286283,1.092614,IHDP 538
4.020142,0.234481,0.807414,IHDP 539
4.027783,0.008606,1.112036,IHDP 540
6.722059,0.188836,3.782183,IHDP 541
3.996629,0.204856,0.57096,IHDP 542
4.139847,0.189642,0.774434,IHDP 543
3.374866,0.002825,0.560573,IHDP 544
4.080689,0.008615,0.266277,IHDP 545
3.841677,0.242857,1.02389,IHDP 546
3.570799,0.311275,0.414421,IHDP 547
3.754618,0.280579,0.817258,IHDP 548
4.081547,0.355833,1.028723,IHDP 549
4.015217,0.033993,0.285562,IHDP 550
3.269589,0.234891,0.701566,IHDP 551
5.15471,0.175397,0.604442,IHDP 552
6.157284,0.019452,3.682166,IHDP 553
3.999185,0.08173,0.591827,IHDP 554
4.609062,0.555595,0.979333,IHDP 555
3.890748,0.48043,0.590808,IHDP 556
3.949429,0.085072,0.896433,IHDP 557
4.606179,0.208617,0.427759,IHDP 558
4.216016,0.326924,1.049134,IHDP 559
3.369394,0.025646,0.7082,IHDP 560
4.330683,0.124716,0.60533,IHDP 561
4.898163,0.348456,0.827081,IHDP 562
3.546638,0.15388,0.604579,IHDP 563
3.382015,0.03294,1.176098,IHDP 564
4.885822,0.057525,0.739877,IHDP 565
4.81859,0.01531,2.128574,IHDP 566
3.622562,0.092378,0.633736,IHDP 567
3.907024,0.37151,0.925677,IHDP 568
5.033784,0.010512,1.036534,IHDP 569
3.922057,0.121239,0.472407,IHDP 570
4.166453,0.181662,0.437819,IHDP 571
4.084237,0.427925,0.715922,IHDP 572
4.054365,0.141387,0.39006,IHDP 573
3.037307,0.077033,3.572864,IHDP 574
8.869713,0.886456,18.068144,IHDP 575
3.959693,0.21008,0.821832,IHDP 576
3.050253,0.359026,1.310604,IHDP 577
3.765867,0.358237,0.509673,IHDP 578
3.996139,0.11332,0.516344,IHDP 579
5.580603,0.325383,0.679713,IHDP 580
3.878686,0.044196,0.371311,IHDP 581
4.439105,0.2567,2.282356,IHDP 582
4.135261,0.014681,0.209922,IHDP 583
4.487806,0.051783,0.655534,IHDP 584
3.978993,0.074051,0.217051,IHDP 585
4.722149,0.185181,0.490018,IHDP 586
4.156268,0.160069,0.461392,IHDP 587
-4.637176,2.566524,290.175935,IHDP 588
4.243372,0.041313,0.933443,IHDP 589
3.254247,0.45803,1.525601,IHDP 590
5.442333,0.243277,0.851575,IHDP 591
4.534311,0.271718,0.564336,IHDP 592
4.080917,0.18835,0.61648,IHDP 593
2.636799,0.753162,3.892875,IHDP 594
3.633806,0.161561,1.050879,IHDP 595
4.373752,0.086179,0.659451,IHDP 596
4.037209,0.246109,0.55104,IHDP 597
4.01534,0.378387,0.910215,IHDP 598
3.889182,0.249221,1.082018,IHDP 599
5.826061,0.167598,1.806967,IHDP 600
4.807439,0.328303,0.864907,IHDP 601
3.696565,0.11853,0.418566,IHDP 602
4.086471,0.022957,0.445185,IHDP 603
4.233245,0.006062,0.726185,IHDP 604
3.930943,0.22787,0.308154,IHDP 605
3.928041,0.059075,0.455045,IHDP 606
3.897389,0.274061,0.522199,IHDP 607
6.287421,0.429127,0.805321,IHDP 608
3.971515,0.456751,0.96486,IHDP 609
3.98038,0.033825,0.673668,IHDP 610
4.054829,0.074611,0.546549,IHDP 611
5.114136,0.028884,1.293592,IHDP 612
3.428223,0.068973,0.779962,IHDP 613
3.938097,0.172973,0.830245,IHDP 614
4.299617,0.109338,0.521793,IHDP 615
5.002321,0.290146,0.799243,IHDP 616
4.204315,0.266944,0.434745,IHDP 617
1.516835,0.542015,40.126389,IHDP 618
4.33635,0.00319,0.528053,IHDP 619
3.874284,0.203032,0.391449,IHDP 620
2.123021,0.830593,16.540942,IHDP 621
3.932839,0.011511,0.464668,IHDP 622
4.588096,0.485584,3.558193,IHDP 623
3.510881,0.259554,0.52488,IHDP 624
4.290535,0.048912,0.52899,IHDP 625
2.790944,0.17968,3.419582,IHDP 626
4.221297,0.322385,1.588255,IHDP 627
4.03544,0.155018,0.341432,IHDP 628
3.652032,0.107164,0.593933,IHDP 629
6.02839,0.008078,0.998197,IHDP 630
4.30118,0.014475,0.712415,IHDP 631
4.042482,0.101787,0.512138,IHDP 632
6.555106,0.268991,1.826176,IHDP 633
2.413827,0.042548,1.090346,IHDP 634
4.194131,0.238123,0.616644,IHDP 635
0.934283,0.27926,1.982292,IHDP 636
3.921192,0.256401,0.876057,IHDP 637
5.184066,0.003772,1.076644,IHDP 638
3.903706,0.201635,0.438906,IHDP 639
4.438521,0.144849,0.812411,IHDP 640
4.03355,0.069142,0.300277,IHDP 641
6.031418,0.829062,2.785048,IHDP 642
2.426265,0.019801,1.149063,IHDP 643
4.439443,0.075173,0.766647,IHDP 644
2.617825,0.366304,6.283865,IHDP 645
3.1536,0.098312,14.023233,IHDP 646
-1.162324,2.466809,29.511757,IHDP 647
3.617559,0.031089,0.475683,IHDP 648
6.513859,0.058162,2.714793,IHDP 649
4.705493,0.324089,2.681895,IHDP 650
8.081404,1.406932,19.566406,IHDP 651
4.150757,0.006209,0.52131,IHDP 652
3.627057,0.107531,0.352757,IHDP 653
3.955698,0.135672,0.507767,IHDP 654
5.743562,0.646812,2.363163,IHDP 655
1.928506,0.597813,7.851457,IHDP 656
3.494934,0.609273,1.013276,IHDP 657
2.227445,0.349094,1.499058,IHDP 658
4.510025,0.271553,0.529909,IHDP 659
1.812904,0.094755,1.592929,IHDP 660
4.295292,0.015984,0.541625,IHDP 661
4.95249,0.024695,0.856349,IHDP 662
4.033139,0.139474,0.703191,IHDP 663
3.842597,0.026164,1.352644,IHDP 664
6.44804,0.2849,7.680082,IHDP 665
4.395093,0.014904,0.703787,IHDP 666
4.059178,0.140834,0.40997,IHDP 667
3.284332,0.28061,0.490498,IHDP 668
3.986249,0.023548,0.476703,IHDP 669
3.730906,0.301669,0.759371,IHDP 670
4.077285,0.369478,0.984674,IHDP 671
-3.329933,1.630238,95.585183,IHDP 672
3.93108,0.214882,0.361034,IHDP 673
3.032012,0.064404,0.441516,IHDP 674
0.181888,0.195165,6.355325,IHDP 675
4.383676,0.167949,0.303604,IHDP 676
4.953541,0.052759,0.418985,IHDP 677
10.675899,0.154133,3.004469,IHDP 678
3.872918,0.071972,0.350917,IHDP 679
3.978888,0.149688,0.54171,IHDP 680
3.696555,0.121329,2.542616,IHDP 681
3.853065,0.241715,0.565231,IHDP 682
9.254995,0.023777,16.324156,IHDP 683
14.43296,0.274177,10.413982,IHDP 684
4.487237,0.154132,0.57811,IHDP 685
4.479327,0.22601,0.500347,IHDP 686
3.986841,0.037237,0.40522,IHDP 687
3.903529,0.10211,0.943759,IHDP 688
3.426728,0.308465,1.540199,IHDP 689
4.076001,0.144936,0.316904,IHDP 690
4.064032,0.227356,0.298647,IHDP 691
3.853653,0.286071,0.706265,IHDP 692
4.745646,0.374829,0.456996,IHDP 693
4.238235,0.234007,0.633414,IHDP 694
1.990109,0.377024,3.783071,IHDP 695
3.824042,0.751087,7.564114,IHDP 696
3.98201,0.041057,0.243683,IHDP 697
4.290297,0.304682,0.819108,IHDP 698
3.887126,0.226431,0.682999,IHDP 699
4.433157,0.28947,0.969969,IHDP 700
4.179449,0.037016,0.725792,IHDP 701
8.493438,0.401668,1.489083,IHDP 702
4.082782,0.078358,0.4442,IHDP 703
4.068095,0.240038,0.510259,IHDP 704
5.751434,0.200238,0.704358,IHDP 705
3.788839,0.092388,0.47116,IHDP 706
4.013928,0.274484,0.381969,IHDP 707
13.406333,0.695593,5.945235,IHDP 708
3.774603,0.445351,1.888556,IHDP 709
4.658137,0.208792,1.013578,IHDP 710
4.243242,0.416777,0.929228,IHDP 711
6.986545,0.402847,4.420785,IHDP 712
4.004281,0.069896,1.239788,IHDP 713
3.970089,0.237508,0.702096,IHDP 714
5.658344,0.021056,2.251186,IHDP 715
3.882572,0.05083,0.346872,IHDP 716
3.869387,0.159828,0.723777,IHDP 717
4.098342,0.229752,0.349043,IHDP 718
2.610399,0.340082,1.948164,IHDP 719
3.985183,0.184839,1.186566,IHDP 720
4.09688,0.098231,0.450924,IHDP 721
3.986033,0.049263,0.50115,IHDP 722
6.337191,0.95518,19.824209,IHDP 723
7.518454,0.619091,1.308372,IHDP 724
2.918144,0.016609,2.208389,IHDP 725
3.410313,0.242596,0.819335,IHDP 726
3.991646,0.022315,0.545098,IHDP 727
4.784921,0.213429,0.2883,IHDP 728
4.90381,0.13551,0.600163,IHDP 729
4.22147,0.183197,0.539562,IHDP 730
3.644995,0.223623,0.726939,IHDP 731
3.884119,0.146461,0.265932,IHDP 732
3.991497,0.063408,0.596477,IHDP 733
3.85968,0.209073,0.720363,IHDP 734
4.425682,0.124069,0.512478,IHDP 735
4.701321,0.014533,0.794753,IHDP 736
5.563585,0.203246,1.923706,IHDP 737
4.200702,0.039748,0.796486,IHDP 738
3.868377,0.058985,0.491178,IHDP 739
4.775666,0.302999,0.706602,IHDP 740
3.96093,0.27742,0.506018,IHDP 741
18.483034,1.189829,21.729681,IHDP 742
4.469452,0.22066,1.341963,IHDP 743
3.995928,0.093628,0.304103,IHDP 744
4.0539,0.0445,0.458655,IHDP 745
4.142218,0.154135,0.500229,IHDP 746
4.009888,0.00926,0.484766,IHDP 747
4.914474,0.093954,1.29878,IHDP 748
4.030418,0.368751,0.88716,IHDP 749
3.26237,0.131504,1.068515,IHDP 750
3.993493,0.105062,0.394395,IHDP 751
5.516372,0.226292,1.200855,IHDP 752
3.987584,0.143737,0.802878,IHDP 753
4.568267,0.040437,0.511872,IHDP 754
4.02859,0.147075,0.650829,IHDP 755
5.434688,0.071714,0.784917,IHDP 756
5.560796,0.217253,0.85546,IHDP 757
7.156535,0.048836,0.75646,IHDP 758
4.761766,0.31771,0.939794,IHDP 759
2.115143,0.750557,1.872215,IHDP 760
6.094294,0.010644,0.801599,IHDP 761
4.792709,0.025819,0.738512,IHDP 762
4.288499,0.400712,1.717865,IHDP 763
5.125865,0.106879,0.46663,IHDP 764
0.950055,0.368366,3.347888,IHDP 765
3.222451,0.324215,1.181646,IHDP 766
4.735195,0.41484,0.987712,IHDP 767
4.288178,0.27463,0.990156,IHDP 768
-0.653381,1.839175,14.455169,IHDP 769
4.398709,0.131962,0.695079,IHDP 770
11.906944,4.456054,148.104947,IHDP 771
3.85256,0.217322,0.756309,IHDP 772
3.108559,0.673438,1.548944,IHDP 773
3.890488,0.099111,0.204818,IHDP 774
3.727241,0.381346,2.026444,IHDP 775
3.942681,0.07537,0.694461,IHDP 776
4.030325,0.123768,0.433081,IHDP 777
4.009371,0.300766,0.787207,IHDP 778
4.020374,0.068638,0.249271,IHDP 779
2.805112,0.632433,1.602826,IHDP 780
4.079798,0.184289,0.554156,IHDP 781
4.223522,0.047526,0.666572,IHDP 782
3.989756,0.157736,0.687395,IHDP 783
3.818643,0.18821,0.752408,IHDP 784
3.463926,0.448807,1.850164,IHDP 785
3.442003,0.226134,0.730079,IHDP 786
2.160865,0.202487,3.885565,IHDP 787
4.158002,0.020849,0.480082,IHDP 788
4.151544,0.560184,0.991073,IHDP 789
4.307647,0.16134,0.511562,IHDP 790
3.970938,0.000288,0.356925,IHDP 791
3.711107,0.323697,1.87282,IHDP 792
3.473068,0.074594,3.131476,IHDP 793
8.893472,0.047197,1.644681,IHDP 794
5.114897,0.064488,0.913427,IHDP 795
3.396653,0.159224,0.927232,IHDP 796
4.981363,0.148678,0.955409,IHDP 797
3.679907,0.307532,0.570299,IHDP 798
3.90907,0.395847,1.324061,IHDP 799
4.120879,0.094765,0.866017,IHDP 800
3.966948,0.114781,0.582785,IHDP 801
4.005248,0.079584,0.873058,IHDP 802
4.089485,0.087969,0.76964,IHDP 803
2.432869,0.417845,0.873858,IHDP 804
5.94717,0.125979,3.17869,IHDP 805
4.136119,0.202948,0.430197,IHDP 806
3.989458,0.152584,0.364592,IHDP 807
4.00381,0.241342,0.657044,IHDP 808
4.36212,0.302256,0.548326,IHDP 809
4.783959,0.176817,0.600236,IHDP 810
3.29535,0.24346,3.295315,IHDP 811
0.139639,0.304485,4.99444,IHDP 812
5.492033,0.349189,9.434817,IHDP 813
3.980994,0.300417,0.533005,IHDP 814
4.561178,0.292863,0.427898,IHDP 815
4.285216,0.185394,0.303678,IHDP 816
5.56166,0.195169,5.155416,IHDP 817
2.170635,0.451783,3.457954,IHDP 818
-3.460043,1.138371,42.152763,IHDP 819
3.723661,0.246131,0.719352,IHDP 820
4.991053,0.225721,0.864958,IHDP 821
3.896385,0.147076,1.002941,IHDP 822
4.024035,0.165042,0.513044,IHDP 823
4.089333,0.003738,2.150371,IHDP 824
8.044479,0.42412,25.2801,IHDP 825
8.163348,0.153941,1.764767,IHDP 826
3.668584,0.1041,0.682866,IHDP 827
5.038415,0.032157,0.762961,IHDP 828
4.250155,0.189988,0.718844,IHDP 829
3.431905,0.262596,0.969784,IHDP 830
4.079179,0.045723,0.672879,IHDP 831
4.637873,0.617425,1.938502,IHDP 832
4.598784,0.388467,1.146253,IHDP 833
3.932826,0.060852,0.988675,IHDP 834
4.282402,0.169403,0.80379,IHDP 835
3.453303,0.627621,3.422033,IHDP 836
4.642624,0.174421,0.676528,IHDP 837
6.253486,0.451515,0.792019,IHDP 838
3.724906,0.01832,0.674474,IHDP 839
5.571249,0.037432,3.688505,IHDP 840
4.015677,0.077384,0.446613,IHDP 841
5.688141,0.181544,1.180509,IHDP 842
3.862636,0.208471,0.949841,IHDP 843
4.408854,0.087707,0.477327,IHDP 844
3.980227,0.035433,0.491213,IHDP 845
4.359676,0.104972,1.05458,IHDP 846
5.30751,0.110864,3.242146,IHDP 847
3.96294,0.328512,1.10423,IHDP 848
3.512595,0.222056,1.072847,IHDP 849
3.606687,0.229315,0.722008,IHDP 850
8.113381,0.671128,2.21658,IHDP 851
3.62465,0.12005,0.602701,IHDP 852
3.986309,0.108859,0.25542,IHDP 853
4.677274,0.058046,0.432323,IHDP 854
3.565707,0.002275,2.11783,IHDP 855
4.640817,0.226407,1.389867,IHDP 856
3.980832,0.113319,0.59319,IHDP 857
4.686735,0.255689,0.455888,IHDP 858
3.435238,0.235366,0.447346,IHDP 859
4.457295,0.042416,0.42641,IHDP 860
4.314597,0.003645,0.627329,IHDP 861
4.078996,0.20741,0.461383,IHDP 862
3.443939,0.184503,0.704659,IHDP 863
4.110148,0.386912,0.985478,IHDP 864
3.609483,0.158572,0.929999,IHDP 865
4.207261,0.15142,0.401735,IHDP 866
5.155046,0.136188,1.301275,IHDP 867
10.173575,0.397259,4.893142,IHDP 868
3.887174,0.228984,0.699864,IHDP 869
3.147572,0.3668,1.645685,IHDP 870
4.680804,0.284889,1.527103,IHDP 871
4.007373,0.064198,0.679629,IHDP 872
4.059349,0.086563,0.483125,IHDP 873
4.521613,0.034602,0.494828,IHDP 874
4.443605,0.011927,0.471651,IHDP 875
4.087959,0.327856,0.41685,IHDP 876
3.379141,0.038559,0.80352,IHDP 877
4.005338,0.015922,0.828549,IHDP 878
5.08919,0.33849,1.601091,IHDP 879
5.009936,0.031667,0.329528,IHDP 880
3.984433,0.047774,0.653968,IHDP 881
4.129481,0.055267,0.320527,IHDP 882
9.042133,0.024025,1.936758,IHDP 883
4.464703,0.031479,0.481176,IHDP 884
3.890235,0.106682,0.444997,IHDP 885
8.513124,0.451084,53.661409,IHDP 886
4.036317,0.241851,1.235245,IHDP 887
4.877019,0.273998,0.375549,IHDP 888
3.983347,0.004659,1.431659,IHDP 889
3.625037,0.132211,0.506806,IHDP 890
3.847346,0.208176,0.509092,IHDP 891
3.086322,0.304593,2.36062,IHDP 892
3.187738,0.120141,2.000755,IHDP 893
4.398476,0.078584,0.753758,IHDP 894
3.214041,0.275488,1.56718,IHDP 895
3.970864,0.43948,1.019913,IHDP 896
3.109618,0.343606,1.025558,IHDP 897
5.21445,0.137645,0.651034,IHDP 898
3.892884,0.2248,0.5183,IHDP 899
4.028596,0.110542,0.217108,IHDP 900
6.276311,0.13713,0.910472,IHDP 901
4.149942,0.011832,0.619253,IHDP 902
3.928349,0.167061,0.984082,IHDP 903
3.052807,0.133482,1.722777,IHDP 904
3.521521,0.175957,0.513346,IHDP 905
4.162384,0.07847,0.871196,IHDP 906
4.012502,0.106085,0.309466,IHDP 907
3.538261,0.048717,4.078465,IHDP 908
4.307771,0.061903,0.405759,IHDP 909
3.817557,0.183685,0.349981,IHDP 910
4.446822,0.224092,0.746063,IHDP 911
4.302632,0.009475,1.039057,IHDP 912
4.278657,0.050072,0.607158,IHDP 913
4.254293,0.003898,0.976835,IHDP 914
4.551207,0.093784,0.4346,IHDP 915
4.620463,0.235578,0.422317,IHDP 916
3.206571,0.065678,0.441984,IHDP 917
3.718427,0.318443,2.737278,IHDP 918
3.324922,0.688193,1.356769,IHDP 919
3.810433,0.15144,0.557008,IHDP 920
4.195177,0.176682,0.779341,IHDP 921
2.779081,0.075955,0.74798,IHDP 922
2.473782,0.468127,10.403744,IHDP 923
2.666853,0.744559,7.322869,IHDP 924
4.215405,0.067952,0.929729,IHDP 925
5.04659,0.00991,0.62572,IHDP 926
2.970632,0.163286,1.87819,IHDP 927
3.970917,0.111267,0.519446,IHDP 928
4.15493,0.076307,0.406479,IHDP 929
5.622289,0.323813,15.368396,IHDP 930
4.426695,0.035093,0.367902,IHDP 931
2.357305,0.048871,1.754264,IHDP 932
4.540842,0.103311,1.401675,IHDP 933
3.704989,0.240898,0.593509,IHDP 934
11.204594,0.143709,1.930476,IHDP 935
5.220779,0.791961,1.445562,IHDP 936
4.253482,0.074634,0.4484,IHDP 937
2.964219,0.241406,1.383378,IHDP 938
4.890393,0.108506,0.560983,IHDP 939
3.768667,0.148001,0.637524,IHDP 940
4.61,0.101895,0.57905,IHDP 941
3.934487,0.467378,1.267276,IHDP 942
4.004187,0.081758,0.367204,IHDP 943
4.506151,0.11976,0.265424,IHDP 944
3.713991,0.027256,0.858242,IHDP 945
4.634024,0.105412,0.420727,IHDP 946
4.014745,0.237015,1.007157,IHDP 947
4.699359,0.489223,3.877359,IHDP 948
4.666263,0.134302,0.573293,IHDP 949
4.06561,0.008174,0.407971,IHDP 950
4.680235,0.217665,0.721456,IHDP 951
3.937778,0.388288,0.878756,IHDP 952
3.747629,0.319419,0.65805,IHDP 953
3.745994,0.137152,1.004533,IHDP 954
4.176505,0.190035,1.068974,IHDP 955
1.375846,0.490252,6.598036,IHDP 956
4.372408,0.047542,1.798492,IHDP 957
6.556245,0.098169,1.195573,IHDP 958
4.858193,0.069556,2.179694,IHDP 959
3.622169,0.057424,1.917867,IHDP 960
8.867252,0.705025,85.857963,IHDP 961
4.393971,0.201698,1.950711,IHDP 962
4.016996,0.061418,0.497037,IHDP 963
3.891331,0.02452,0.487508,IHDP 964
2.718756,0.12453,1.044248,IHDP 965
1.3422,0.31796,5.659812,IHDP 966
5.344306,0.108861,0.336902,IHDP 967
4.171811,0.014501,0.521386,IHDP 968
4.510254,0.07787,0.613093,IHDP 969
4.15568,0.322273,0.519467,IHDP 970
6.907907,0.179137,2.707125,IHDP 971
3.809528,0.00918,0.403074,IHDP 972
3.74687,0.156179,3.008811,IHDP 973
3.345306,0.080601,0.980947,IHDP 974
3.699248,0.283418,0.827449,IHDP 975
4.071124,0.753984,1.517211,IHDP 976
3.73155,0.068386,0.643668,IHDP 977
3.957485,0.44514,0.93444,IHDP 978
4.153523,0.333169,0.540775,IHDP 979
4.197832,0.1746,2.180368,IHDP 980
4.305616,0.045379,2.12856,IHDP 981
4.583445,0.070885,0.843218,IHDP 982
3.7942,0.134671,0.685168,IHDP 983
3.75971,0.013678,0.372534,IHDP 984
5.225196,0.571098,1.070885,IHDP 985
4.147327,0.178955,0.762486,IHDP 986
2.844429,1.057814,13.515706,IHDP 987
4.631373,0.079504,0.611834,IHDP 988
6.808488,0.033323,1.556643,IHDP 989
4.127976,0.295874,0.953982,IHDP 990
2.915926,0.032799,1.776372,IHDP 991
3.121919,0.042552,1.216396,IHDP 992
3.478908,0.038794,0.533194,IHDP 993
3.998388,0.400591,0.718511,IHDP 994
4.004509,0.154748,0.369615,IHDP 995
4.781347,1.091325,23.553261,IHDP 996
4.388373,0.070058,0.930757,IHDP 997
4.156043,0.131408,0.495584,IHDP 998
5.634382,0.575211,1.149961,IHDP 999
